"";"number_of_input_reads";"average_input_read_length";"uniquely_mapped_reads_number";"uniquely_mapped_reads_percent";"average_mapped_length";"number_of_splices_total";"number_of_splices_annotated_sjdb";"number_of_splices_gt_ag";"number_of_splices_gc_ag";"number_of_splices_at_ac";"number_of_splices_non_canonical";"mismatch_rate_per_base_percent";"deletion_rate_per_base";"deletion_average_length";"insertion_rate_per_base";"insertion_average_length";"number_of_reads_mapped_to_multiple_loci";"percent_of_reads_mapped_to_multiple_loci";"number_of_reads_mapped_to_too_many_loci";"percent_of_reads_mapped_to_too_many_loci";"number_of_reads_unmapped_too_many_mismatches";"percent_of_reads_unmapped_too_many_mismatches";"number_of_reads_unmapped_too_short";"percent_of_reads_unmapped_too_short";"number_of_reads_unmapped_other";"percent_of_reads_unmapped_other";"muestras";"Especie";"temp";"Cultivar";"Project";"Esp_prj"
"1";10154942;249;6627395;65,26;249,03;5158819;5158037;5069218;73895;3357;12349;0,26;0,02;1,91;0,02;1,56;2721933;26,8;1201;0,01;0;0;802447;7,9;1966;0,02;"SRR11196520";"C.arabica";"23_19_C";"Catuai IAC 144";"PRJNA609253";"C.arabica_PRJNA609253"
"2";8440462;249;5598548;66,33;249,08;4273874;4273245;4198474;61151;2814;11435;0,26;0,02;1,92;0,02;1,65;2395160;28,38;1004;0,01;0;0;443731;5,26;2019;0,02;"SRR11196521";"C.arabica";"23_19_C";"Catuai IAC 144";"PRJNA609253";"C.arabica_PRJNA609253"
"3";5940954;249;3981130;67,01;249,03;2936329;2935853;2883541;42413;2050;8325;0,26;0,02;1,84;0,02;1,67;1691161;28,47;776;0,01;0;0;266142;4,48;1745;0,03;"SRR11196522";"C.arabica";"23_19_C";"Catuai IAC 144";"PRJNA609253";"C.arabica_PRJNA609253"
"4";9509111;249;6271040;65,95;248,95;4760843;4759965;4676670;67359;3456;13358;0,26;0,02;2,07;0,02;1,6;2434190;25,6;1896;0,02;0;0;799516;8,41;2469;0,03;"SRR11196523";"C.arabica";"23_19_C";"Catuai IAC 144";"PRJNA609253";"C.arabica_PRJNA609253"
"5";6447191;249;4291997;66,57;249,11;3346325;3345681;3287034;48293;2151;8847;0,25;0,02;1,81;0,02;1,65;1845668;28,63;871;0,01;0;0;307116;4,76;1539;0,02;"SRR11196524";"C.arabica";"23_19_C";"Catuai IAC 144";"PRJNA609253";"C.arabica_PRJNA609253"
"6";9160509;249;6322644;69,02;249,07;4707839;4706997;4621977;67489;3480;14893;0,27;0,02;1,89;0,02;1,66;2537206;27,7;1192;0,01;0;0;297264;3,25;2203;0,02;"SRR11196525";"C.arabica";"23_19_C";"Acaua";"PRJNA609253";"C.arabica_PRJNA609253"
"7";11870903;249;8100692;68,24;249,1;6337873;6336984;6223575;91450;4337;18511;0,26;0,02;2;0,02;1,66;3214843;27,08;1211;0,01;0;0;551220;4,64;2937;0,02;"SRR11196526";"C.arabica";"23_19_C";"Acaua";"PRJNA609253";"C.arabica_PRJNA609253"
"8";10249078;249;6583241;64,23;249,06;5175278;5174528;5084318;74448;3349;13163;0,25;0,02;1,91;0,02;1,68;2620721;25,57;1148;0,01;0;0;1041797;10,16;2171;0,02;"SRR11196527";"C.arabica";"30_26_C";"Catuai IAC 144";"PRJNA609253";"C.arabica_PRJNA609253"
"9";9150454;249;6303482;68,89;249,09;4834635;4833785;4750272;66623;3613;14127;0,26;0,02;1,98;0,02;1,63;2505177;27,38;1504;0,02;0;0;338018;3,69;2273;0,02;"SRR11196528";"C.arabica";"30_26_C";"Catuai IAC 144";"PRJNA609253";"C.arabica_PRJNA609253"
"10";13195209;249;7905216;59,91;249,03;6192146;6191274;6079695;90137;4171;18143;0,27;0,02;1,78;0,02;1,7;3149630;23,87;1334;0,01;0;0;2134734;16,18;4295;0,03;"SRR11196529";"C.arabica";"30_26_C";"Catuai IAC 144";"PRJNA609253";"C.arabica_PRJNA609253"
"11";6213070;249;4225590;68,01;249,07;3248868;3248246;3190070;45970;2332;10496;0,28;0,02;2,1;0,02;1,67;1818395;29,27;817;0,01;0;0;166134;2,67;2134;0,03;"SRR11196530";"C.arabica";"23_19_C";"Acaua";"PRJNA609253";"C.arabica_PRJNA609253"
"12";10030030;249;5365232;53,49;249,04;4049409;4048717;3979485;57203;2625;10096;0,26;0,02;1,94;0,02;1,69;4178498;41,66;47530;0,47;0;0;436033;4,35;2737;0,03;"SRR11196531";"C.arabica";"30_26_C";"Catuai IAC 144";"PRJNA609253";"C.arabica_PRJNA609253"
"13";6944355;249;4690560;67,54;249,1;3692082;3691497;3628290;52347;2484;8961;0,25;0,02;1,86;0,02;1,65;1950119;28,08;893;0,01;0;0;300471;4,33;2312;0,03;"SRR11196532";"C.arabica";"30_26_C";"Catuai IAC 144";"PRJNA609253";"C.arabica_PRJNA609253"
"14";10162312;249;6717125;66,1;249,03;5236215;5235411;5140503;74797;3555;17360;0,28;0,02;2,04;0,02;1,57;2865534;28,2;1000;0,01;0;0;576198;5,67;2455;0,02;"SRR11196533";"C.arabica";"30_26_C";"Acaua";"PRJNA609253";"C.arabica_PRJNA609253"
"15";8641918;249;5799675;67,11;249,13;4486341;4485386;4407408;62451;3270;13212;0,25;0,02;1,93;0,02;1,57;2447296;28,32;1077;0,01;0;0;392029;4,54;1841;0,02;"SRR11196534";"C.arabica";"30_26_C";"Acaua";"PRJNA609253";"C.arabica_PRJNA609253"
"16";10082657;249;6955352;68,98;249,07;5375979;5375249;5280991;73891;3655;17442;0,28;0,02;2,04;0,02;1,71;2757903;27,35;1202;0,01;0;0;360678;3,58;7522;0,07;"SRR11196535";"C.arabica";"30_26_C";"Acaua";"PRJNA609253";"C.arabica_PRJNA609253"
"17";11474694;249;7633387;66,52;249,13;6242987;6242117;6138834;84517;3663;15973;0,26;0,02;1,83;0,02;1,67;3269824;28,5;1422;0,01;0;0;566152;4,93;3909;0,03;"SRR11196536";"C.arabica";"30_26_C";"Acaua";"PRJNA609253";"C.arabica_PRJNA609253"
"18";10582994;249;6911861;65,31;249,07;5447187;5446398;5344703;85389;3261;13834;0,28;0,02;1,85;0,02;1,75;2946562;27,84;1067;0,01;0;0;720702;6,81;2802;0,03;"SRR11196537";"C.arabica";"30_26_C";"Acaua";"PRJNA609253";"C.arabica_PRJNA609253"
"19";9011572;249;6008593;66,68;249,03;4504737;4503987;4423153;65152;3091;13341;0,28;0,02;1,89;0,02;1,73;2424746;26,91;1240;0,01;0;0;567684;6,3;9309;0,1;"SRR11196538";"C.arabica";"23_19_C";"Acaua";"PRJNA609253";"C.arabica_PRJNA609253"
"20";5518508;249;2225873;40,33;248,65;1563736;1563377;1533587;23396;1169;5584;0,3;0,03;1,87;0,02;1,72;2501693;45,33;342248;6,2;0;0;410407;7,44;38287;0,69;"SRR11196539";"C.arabica";"23_19_C";"Acaua";"PRJNA609253";"C.arabica_PRJNA609253"
"21";10154942;249;8681490;85,49;247,31;6894871;6894363;6823588;49375;2231;19677;0,91;0,07;2,91;0,04;2,98;501052;4,93;503;0;0;0;968497;9,54;3400;0,03;"SRR11196520";"C.canephora";"23_19_C";"Catuai IAC 144";"PRJNA609253";"C.canephora_PRJNA609253"
"22";8440462;249;7433115;88,07;247,56;5785650;5785409;5717876;47007;1763;19004;0,91;0,07;2,82;0,04;2,87;421498;4,99;463;0,01;0;0;581475;6,89;3911;0,05;"SRR11196521";"C.canephora";"23_19_C";"Catuai IAC 144";"PRJNA609253";"C.canephora_PRJNA609253"
"23";5940954;249;5246568;88,31;247,48;4012246;4011534;3957976;38948;1521;13801;0,92;0,08;2,73;0,04;2,76;308183;5,19;426;0,01;0;0;381850;6,43;3927;0,07;"SRR11196522";"C.canephora";"23_19_C";"Catuai IAC 144";"PRJNA609253";"C.canephora_PRJNA609253"
"24";9509111;249;8128608;85,48;247,53;6350759;6350297;6273863;48432;2080;26384;0,89;0,07;2,92;0,04;2,87;442005;4,65;500;0,01;0;0;933150;9,81;4848;0,05;"SRR11196523";"C.canephora";"23_19_C";"Catuai IAC 144";"PRJNA609253";"C.canephora_PRJNA609253"
"25";6447191;249;5693359;88,31;247,58;4554800;4554566;4502837;35963;1540;14460;0,91;0,07;2,76;0,04;2,83;324784;5,04;364;0,01;0;0;426118;6,61;2566;0,04;"SRR11196524";"C.canephora";"23_19_C";"Catuai IAC 144";"PRJNA609253";"C.canephora_PRJNA609253"
"26";9160509;249;8265463;90,23;247,52;6347366;6346789;6269102;49120;2428;26716;0,92;0,08;2,75;0,04;2,8;454308;4,96;750;0,01;0;0;433352;4,73;6636;0,07;"SRR11196525";"C.canephora";"23_19_C";"Acaua";"PRJNA609253";"C.canephora_PRJNA609253"
"27";11870903;249;10561568;88,97;247,57;8436086;8435730;8344606;61782;3196;26502;0,91;0,07;2,95;0,04;2,95;594914;5,01;754;0,01;0;0;707515;5,96;6152;0,05;"SRR11196526";"C.canephora";"23_19_C";"Acaua";"PRJNA609253";"C.canephora_PRJNA609253"
"28";10249078;249;8588119;83,79;247,46;6879867;6879414;6810501;47331;2024;20011;0,91;0,07;2,91;0,04;2,91;479660;4,68;588;0,01;0;0;1177099;11,48;3612;0,04;"SRR11196527";"C.canephora";"30_26_C";"Catuai IAC 144";"PRJNA609253";"C.canephora_PRJNA609253"
"29";9150454;249;8214721;89,77;247,53;6494394;6493990;6420825;48482;2392;22695;0,91;0,07;2,86;0,04;2,81;461556;5,04;644;0,01;0;0;468760;5,12;4773;0,05;"SRR11196528";"C.canephora";"30_26_C";"Catuai IAC 144";"PRJNA609253";"C.canephora_PRJNA609253"
"30";13195209;249;10279576;77,9;247,42;8206977;8206373;8120347;55524;2780;28326;0,93;0,07;2,84;0,04;2,99;616099;4,67;1067;0,01;0;0;2290333;17,36;8134;0,06;"SRR11196529";"C.canephora";"30_26_C";"Catuai IAC 144";"PRJNA609253";"C.canephora_PRJNA609253"
"31";6213070;249;5633461;90,67;247,68;4451466;4450951;4393633;42308;1594;13931;0,9;0,07;2,91;0,04;2,73;315451;5,08;397;0,01;0;0;261008;4,2;2753;0,04;"SRR11196530";"C.canephora";"23_19_C";"Acaua";"PRJNA609253";"C.canephora_PRJNA609253"
"32";10030030;249;8492072;84,67;246,51;5408348;5407933;5343059;42274;1922;21093;1,08;0,06;2,8;0,04;2,88;793578;7,91;509;0,01;0;0;740444;7,38;3427;0,03;"SRR11196531";"C.canephora";"30_26_C";"Catuai IAC 144";"PRJNA609253";"C.canephora_PRJNA609253"
"33";6944355;249;6181570;89,02;247,64;4993756;4993307;4932819;41988;1793;17156;0,9;0,07;2,88;0,04;2,82;351541;5,06;705;0,01;0;0;406274;5,85;4265;0,06;"SRR11196532";"C.canephora";"30_26_C";"Catuai IAC 144";"PRJNA609253";"C.canephora_PRJNA609253"
"34";10162312;249;8935784;87,93;247,48;7116871;7116474;7040039;49740;2474;24618;0,91;0,07;3,01;0,04;2,8;502278;4,94;701;0,01;0;0;718178;7,07;5371;0,05;"SRR11196533";"C.canephora";"30_26_C";"Acaua";"PRJNA609253";"C.canephora_PRJNA609253"
"35";8641918;249;7671135;88,77;247,52;6043049;6042607;5966651;47702;2110;26586;0,92;0,07;2,87;0,04;2,8;438689;5,08;593;0,01;0;0;525856;6,08;5645;0,07;"SRR11196534";"C.canephora";"30_26_C";"Acaua";"PRJNA609253";"C.canephora_PRJNA609253"
"36";10082657;249;9064525;89,9;247,5;7179365;7178813;7095398;56661;2740;24566;0,9;0,07;2,84;0,04;2,82;508488;5,04;691;0,01;0;0;502791;4,99;6162;0,06;"SRR11196535";"C.canephora";"30_26_C";"Acaua";"PRJNA609253";"C.canephora_PRJNA609253"
"37";11474694;249;10119428;88,19;247,53;8404935;8404634;8321212;60726;2497;20500;0,92;0,07;2,86;0,04;2,83;604898;5,27;368;0;0;0;747864;6,52;2136;0,02;"SRR11196536";"C.canephora";"30_26_C";"Acaua";"PRJNA609253";"C.canephora_PRJNA609253"
"38";10582994;249;9181465;86,76;247,49;7357091;7356617;7273133;63734;1590;18634;0,92;0,07;2,85;0,04;2,88;517355;4,89;472;0;0;0;880994;8,32;2708;0,03;"SRR11196537";"C.canephora";"30_26_C";"Acaua";"PRJNA609253";"C.canephora_PRJNA609253"
"39";9011572;249;7809844;86,66;247,39;6017476;6016859;5939435;55103;2129;20809;0,93;0,08;2,79;0,04;2,81;465143;5,16;838;0,01;0;0;729284;8,09;6463;0,07;"SRR11196538";"C.canephora";"23_19_C";"Acaua";"PRJNA609253";"C.canephora_PRJNA609253"
"40";5518508;249;4400669;79,74;245,18;2160497;2160354;2130972;21361;822;7342;1,29;0,06;2,5;0,03;2,75;525272;9,52;247;0;0;0;591085;10,71;1235;0,02;"SRR11196539";"C.canephora";"23_19_C";"Acaua";"PRJNA609253";"C.canephora_PRJNA609253"
"41";10154942;249;7945907;78,25;247,9;6469852;6469598;6336326;97168;3840;32518;0,8;0,07;3,46;0,04;2,53;1319866;13;1266;0,01;0;0;874718;8,61;13185;0,13;"SRR11196520";"C.eugenioides";"23_19_C";"Catuai IAC 144";"PRJNA609253";"C.eugenioides_PRJNA609253"
"42";8440462;249;6779044;80,32;248,15;5433891;5433506;5322619;77370;3714;30188;0,81;0,07;3,36;0,04;2,48;1147772;13,6;1220;0,01;0;0;503523;5,97;8903;0,11;"SRR11196521";"C.eugenioides";"23_19_C";"Catuai IAC 144";"PRJNA609253";"C.eugenioides_PRJNA609253"
"43";5940954;249;4813050;81,01;248,04;3767658;3767483;3678692;61155;2565;25246;0,82;0,08;3,34;0,04;2,45;799768;13,46;789;0,01;0;0;319866;5,38;7481;0,13;"SRR11196522";"C.eugenioides";"23_19_C";"Catuai IAC 144";"PRJNA609253";"C.eugenioides_PRJNA609253"
"44";9509111;249;7457483;78,42;247,97;5951817;5951490;5830133;84284;3997;33403;0,82;0,07;3,39;0,04;2,52;1176527;12,37;1601;0,02;0;0;865694;9,1;7806;0,08;"SRR11196523";"C.eugenioides";"23_19_C";"Catuai IAC 144";"PRJNA609253";"C.eugenioides_PRJNA609253"
"45";6447191;249;5187111;80,46;248,17;4258941;4257885;4164713;67362;2694;24172;0,79;0,08;3,36;0,04;2,45;888394;13,78;833;0,01;0;0;361647;5,61;9206;0,14;"SRR11196524";"C.eugenioides";"23_19_C";"Catuai IAC 144";"PRJNA609253";"C.eugenioides_PRJNA609253"
"46";9160509;249;7659183;83,61;248,11;5997717;5996682;5871927;85113;4186;36491;0,82;0,08;3,34;0,04;2,49;1139164;12,44;1079;0,01;0;0;354847;3,87;6236;0,07;"SRR11196525";"C.eugenioides";"23_19_C";"Acaua";"PRJNA609253";"C.eugenioides_PRJNA609253"
"47";11870903;249;9744712;82,09;248,2;7950683;7949363;7787473;114800;5169;43241;0,8;0,07;3,54;0,04;2,56;1509063;12,71;1172;0,01;0;0;606468;5,11;9488;0,08;"SRR11196526";"C.eugenioides";"23_19_C";"Acaua";"PRJNA609253";"C.eugenioides_PRJNA609253"
"48";10249078;249;7894666;77,03;248,14;6474173;6473853;6342615;95285;3997;32276;0,79;0,08;3,5;0,04;2,52;1243910;12,14;1171;0,01;0;0;1100278;10,74;9053;0,09;"SRR11196527";"C.eugenioides";"30_26_C";"Catuai IAC 144";"PRJNA609253";"C.eugenioides_PRJNA609253"
"49";9150454;249;7579436;82,83;248,13;6123458;6123141;5998389;86779;4320;33970;0,81;0,07;3,4;0,04;2,5;1166292;12,75;1491;0,02;0;0;394438;4,31;8797;0,1;"SRR11196528";"C.eugenioides";"30_26_C";"Catuai IAC 144";"PRJNA609253";"C.eugenioides_PRJNA609253"
"50";13195209;249;9495715;71,96;248,15;7763621;7762966;7597624;114962;4814;46221;0,8;0,07;3,36;0,04;2,57;1492050;11,31;1447;0,01;0;0;2193849;16,63;12148;0,09;"SRR11196529";"C.eugenioides";"30_26_C";"Catuai IAC 144";"PRJNA609253";"C.eugenioides_PRJNA609253"
"51";6213070;249;5173270;83,26;248,2;4186093;4184801;4093730;63644;2795;25924;0,8;0,07;3,49;0,04;2,42;829233;13,35;748;0,01;0;0;203599;3,28;6220;0,1;"SRR11196530";"C.eugenioides";"23_19_C";"Acaua";"PRJNA609253";"C.eugenioides_PRJNA609253"
"52";10030030;249;6737052;67,17;247,86;5062647;5062369;4957752;74187;3239;27469;0,77;0,07;3,39;0,04;2,5;2778945;27,71;12145;0,12;0;0;491724;4,9;10164;0,1;"SRR11196531";"C.eugenioides";"30_26_C";"Catuai IAC 144";"PRJNA609253";"C.eugenioides_PRJNA609253"
"53";6944355;249;5655375;81,44;248,19;4680871;4679242;4581506;70250;3116;25999;0,79;0,07;3,39;0,04;2,47;930891;13,41;774;0,01;0;0;348117;5,01;9198;0,13;"SRR11196532";"C.eugenioides";"30_26_C";"Catuai IAC 144";"PRJNA609253";"C.eugenioides_PRJNA609253"
"54";10162312;249;8245096;81,13;248,17;6744957;6744609;6604410;97254;4217;39076;0,79;0,08;3,71;0,04;2,46;1285078;12,65;916;0,01;0;0;624735;6,15;6487;0,06;"SRR11196533";"C.eugenioides";"30_26_C";"Acaua";"PRJNA609253";"C.eugenioides_PRJNA609253"
"55";8641918;249;7021090;81,24;248,17;5689752;5689437;5572683;80992;3846;32231;0,8;0,08;3,5;0,04;2,48;1162592;13,45;1061;0,01;0;0;449292;5,2;7883;0,09;"SRR11196534";"C.eugenioides";"30_26_C";"Acaua";"PRJNA609253";"C.eugenioides_PRJNA609253"
"56";10082657;249;8333360;82,65;248,08;6753000;6752621;6614167;94205;4561;40067;0,82;0,08;3,53;0,04;2,49;1311041;13;1084;0,01;0;0;428852;4,25;8320;0,08;"SRR11196535";"C.eugenioides";"30_26_C";"Acaua";"PRJNA609253";"C.eugenioides_PRJNA609253"
"57";11474694;249;9200665;80,18;248,2;7884022;7883642;7722710;119153;4879;37280;0,79;0,08;3,39;0,04;2,42;1606258;14;1153;0,01;0;0;651326;5,68;15292;0,13;"SRR11196536";"C.eugenioides";"30_26_C";"Acaua";"PRJNA609253";"C.eugenioides_PRJNA609253"
"58";10582994;249;8377358;79,16;248,23;6902515;6902281;6754664;112951;3871;31029;0,79;0,07;3,42;0,04;2,45;1410525;13,33;986;0,01;0;0;785258;7,42;8867;0,08;"SRR11196537";"C.eugenioides";"30_26_C";"Acaua";"PRJNA609253";"C.eugenioides_PRJNA609253"
"59";9011572;249;7120379;79,01;248,03;5630570;5628614;5505705;87974;3546;33345;0,82;0,08;3,36;0,04;2,44;1233374;13,69;916;0,01;0;0;644475;7,15;12428;0,14;"SRR11196538";"C.eugenioides";"23_19_C";"Acaua";"PRJNA609253";"C.eugenioides_PRJNA609253"
"60";5518508;249;3009143;54,53;247,91;2025117;2024981;1981008;29947;1349;12813;0,74;0,08;3,13;0,04;2,46;2110047;38,24;7762;0,14;0;0;389720;7,06;1836;0,03;"SRR11196539";"C.eugenioides";"23_19_C";"Acaua";"PRJNA609253";"C.eugenioides_PRJNA609253"
"61";2386902;50;1169750;49,01;49,65;123228;123227;120658;2023;205;342;0,37;0,01;1,81;0,01;1,32;1177542;49,33;1388;0,06;0;0;37268;1,56;954;0,04;"SRR11711678";"C.arabica";"37_28_C";"Icatu";"PRJNA630692";"C.arabica_PRJNA630692"
"62";3906279;50;1917945;49,1;49,65;200759;200758;197252;2664;313;530;0,35;0,01;1,84;0,01;1,32;1924469;49,27;2156;0,06;0;0;60215;1,54;1494;0,04;"SRR11711679";"C.arabica";"37_28_C";"Icatu";"PRJNA630692";"C.arabica_PRJNA630692"
"63";3906448;50;1914958;49,02;49,65;201686;201682;197292;3524;304;566;0,35;0,01;1,84;0,01;1,33;1927223;49,33;2164;0,06;0;0;60604;1,55;1499;0,04;"SRR11711680";"C.arabica";"37_28_C";"Icatu";"PRJNA630692";"C.arabica_PRJNA630692"
"64";3898572;50;1907918;48,94;49,65;199386;199383;195095;3411;325;555;0,36;0,01;1,85;0,01;1,32;1926110;49,41;2243;0,06;0;0;60740;1,56;1561;0,04;"SRR11711681";"C.arabica";"37_28_C";"Icatu";"PRJNA630692";"C.arabica_PRJNA630692"
"65";3892984;50;1905190;48,94;49,65;199302;199300;195127;3324;294;557;0,37;0,01;1,84;0,01;1,31;1923119;49,4;2235;0,06;0;0;60913;1,56;1527;0,04;"SRR11711682";"C.arabica";"37_28_C";"Icatu";"PRJNA630692";"C.arabica_PRJNA630692"
"66";3910726;50;1914611;48,96;49,65;200770;200767;196489;3404;319;558;0,36;0,01;1,84;0,01;1,32;1931692;49,39;2251;0,06;0;0;60629;1,55;1543;0,04;"SRR11711683";"C.arabica";"37_28_C";"Icatu";"PRJNA630692";"C.arabica_PRJNA630692"
"67";3831839;50;936176;24,43;49,69;105045;105043;103181;1414;117;333;0,35;0,01;1,74;0,01;1,32;2856336;74,54;1146;0,03;0;0;37369;0,98;812;0,02;"SRR11711684";"C.arabica";"25_20_C";"Icatu";"PRJNA630692";"C.arabica_PRJNA630692"
"68";3912464;50;1916569;48,99;49,65;201337;201335;197049;3403;316;569;0,36;0,01;1,84;0,01;1,33;1931311;49,36;2218;0,06;0;0;60884;1,56;1482;0,04;"SRR11711685";"C.arabica";"37_28_C";"Icatu";"PRJNA630692";"C.arabica_PRJNA630692"
"69";28013;50;13822;49,34;49,65;1503;1503;1471;26;0;6;0,39;0,01;1,93;0,01;1,17;13716;48,96;12;0,04;0;0;453;1,62;10;0,04;"SRR11711686";"C.arabica";"37_28_C";"Icatu";"PRJNA630692";"C.arabica_PRJNA630692"
"70";3879317;50;1910321;49,24;49,66;198720;198716;194462;3453;272;533;0,36;0,02;1,86;0,01;1,31;1906864;49,15;2064;0,05;0;0;58774;1,52;1294;0,03;"SRR11711687";"C.arabica";"37_28_C";"Icatu";"PRJNA630692";"C.arabica_PRJNA630692"
"71";3901918;50;1921658;49,25;49,66;199672;199664;195371;3438;326;537;0,35;0,02;1,86;0,01;1,32;1918476;49,17;1962;0,05;0;0;58601;1,5;1221;0,03;"SRR11711688";"C.arabica";"37_28_C";"Icatu";"PRJNA630692";"C.arabica_PRJNA630692"
"72";3893662;50;1918702;49,28;49,65;200192;200189;195854;3502;306;530;0,36;0,02;1,84;0,01;1,33;1913292;49,14;1905;0,05;0;0;58476;1,5;1287;0,03;"SRR11711689";"C.arabica";"37_28_C";"Icatu";"PRJNA630692";"C.arabica_PRJNA630692"
"73";3885754;50;1915134;49,29;49,65;198828;198827;194465;3502;308;553;0,37;0,02;1,85;0,01;1,32;1908305;49,11;2032;0,05;0;0;58996;1,52;1287;0,03;"SRR11711690";"C.arabica";"37_28_C";"Icatu";"PRJNA630692";"C.arabica_PRJNA630692"
"74";3886130;50;1915463;49,29;49,65;198778;198776;195282;2651;312;533;0,37;0,02;1,85;0,01;1,31;1907744;49,09;1886;0,05;0;0;59728;1,54;1309;0,03;"SRR11711691";"C.arabica";"37_28_C";"Icatu";"PRJNA630692";"C.arabica_PRJNA630692"
"75";3903641;50;1923055;49,26;49,65;200526;200523;196107;3523;350;546;0,36;0,02;1,85;0,01;1,32;1918841;49,16;1980;0,05;0;0;58457;1,5;1308;0,03;"SRR11711692";"C.arabica";"37_28_C";"Icatu";"PRJNA630692";"C.arabica_PRJNA630692"
"76";3906045;50;1923091;49,23;49,65;199405;199398;195924;2534;348;599;0,35;0,01;1,84;0,01;1,31;1921257;49,19;1951;0,05;0;0;58505;1,5;1241;0,03;"SRR11711693";"C.arabica";"37_28_C";"Icatu";"PRJNA630692";"C.arabica_PRJNA630692"
"77";3827895;50;935392;24,44;49,69;104957;104955;102849;1643;150;315;0,36;0,01;1,77;0,01;1,33;2853428;74,54;1186;0,03;0;0;37071;0,97;818;0,02;"SRR11711695";"C.arabica";"25_20_C";"Icatu";"PRJNA630692";"C.arabica_PRJNA630692"
"78";3827361;50;935715;24,45;49,69;104626;104620;102601;1590;163;272;0,35;0,01;1,75;0,01;1,33;2852032;74,52;1246;0,03;0;0;37555;0,98;813;0,02;"SRR11711706";"C.arabica";"25_20_C";"Icatu";"PRJNA630692";"C.arabica_PRJNA630692"
"79";3836664;50;937985;24,45;49,69;105549;105548;103537;1609;91;312;0,35;0,01;1,76;0,01;1,31;2859104;74,52;1124;0,03;0;0;37585;0,98;866;0,02;"SRR11711717";"C.arabica";"25_20_C";"Icatu";"PRJNA630692";"C.arabica_PRJNA630692"
"80";573985;49;237752;41,42;49,68;27677;27677;27178;400;27;72;0,37;0,01;1,78;0,01;1,32;327707;57,09;272;0,05;0;0;8079;1,41;175;0,03;"SRR11711728";"C.arabica";"25_20_C";"Icatu";"PRJNA630692";"C.arabica_PRJNA630692"
"81";3883936;49;1607346;41,38;49,68;184055;184051;180393;2841;288;533;0,34;0,01;1,75;0,01;1,33;2219935;57,16;2021;0,05;0;0;53457;1,38;1177;0,03;"SRR11711739";"C.arabica";"25_20_C";"Icatu";"PRJNA630692";"C.arabica_PRJNA630692"
"82";3866558;49;1599714;41,37;49,68;184188;184185;180629;2727;304;528;0,36;0,01;1,77;0,01;1,33;2210046;57,16;2089;0,05;0;0;53411;1,38;1298;0,03;"SRR11711760";"C.arabica";"25_20_C";"Icatu";"PRJNA630692";"C.arabica_PRJNA630692"
"83";3876783;49;1604119;41,38;49,68;183982;183981;180757;2421;282;522;0,35;0,01;1,76;0,01;1,33;2215715;57,15;2120;0,05;0;0;53469;1,38;1360;0,04;"SRR11711771";"C.arabica";"25_20_C";"Icatu";"PRJNA630692";"C.arabica_PRJNA630692"
"84";668013;49;320245;47,94;49,67;35771;35771;35140;492;28;111;0,37;0,01;1,78;0,01;1,32;336616;50,39;374;0,06;0;0;10578;1,58;200;0,03;"SRR11711782";"C.arabica";"25_20_C";"Icatu";"PRJNA630692";"C.arabica_PRJNA630692"
"85";3883540;49;1856091;47,79;49,68;206910;206905;202924;3117;309;560;0,34;0,01;1,79;0,01;1,33;1963678;50,56;2158;0,06;0;0;60139;1,55;1474;0,04;"SRR11711793";"C.arabica";"25_20_C";"Icatu";"PRJNA630692";"C.arabica_PRJNA630692"
"86";3860218;49;1846562;47,84;49,67;205082;205078;201571;2609;304;598;0,35;0,01;1,77;0,01;1,34;1949514;50,5;2144;0,06;0;0;60683;1,57;1315;0,03;"SRR11711804";"C.arabica";"25_20_C";"Icatu";"PRJNA630692";"C.arabica_PRJNA630692"
"87";2953783;49;1440421;48,77;49,63;149747;149746;147339;1782;189;437;0,38;0,01;1,73;0,02;1,31;1449948;49,09;2320;0,08;0;0;58717;1,99;2377;0,08;"SRR11711805";"C.arabica";"42_30_C";"Icatu";"PRJNA630692";"C.arabica_PRJNA630692"
"88";3859514;49;1879860;48,71;49,63;196219;196217;192647;2763;229;580;0,38;0,01;1,71;0,02;1,31;1896902;49,15;3047;0,08;0;0;76583;1,98;3122;0,08;"SRR11711806";"C.arabica";"42_30_C";"Icatu";"PRJNA630692";"C.arabica_PRJNA630692"
"89";3869015;49;1883691;48,69;49,64;196545;196545;192913;2815;232;585;0,37;0,01;1,73;0,02;1,3;1902639;49,18;3059;0,08;0;0;76493;1,98;3133;0,08;"SRR11711807";"C.arabica";"42_30_C";"Icatu";"PRJNA630692";"C.arabica_PRJNA630692"
"90";3864274;49;1881969;48,7;49,64;197522;197521;193917;2773;235;597;0,38;0,01;1,73;0,02;1,3;1899203;49,15;3105;0,08;0;0;76937;1,99;3060;0,08;"SRR11711808";"C.arabica";"42_30_C";"Icatu";"PRJNA630692";"C.arabica_PRJNA630692"
"91";3840975;49;1872426;48,75;49,63;195219;195215;192199;2213;232;575;0,39;0,01;1,71;0,01;1,3;1885604;49,09;2972;0,08;0;0;76942;2;3031;0,08;"SRR11711809";"C.arabica";"42_30_C";"Icatu";"PRJNA630692";"C.arabica_PRJNA630692"
"92";3845466;49;1872328;48,69;49,63;195328;195326;191594;2899;238;597;0,39;0,01;1,72;0,01;1,3;1889929;49,15;3059;0,08;0;0;77072;2;3078;0,08;"SRR11711810";"C.arabica";"42_30_C";"Icatu";"PRJNA630692";"C.arabica_PRJNA630692"
"93";3854479;49;1876487;48,68;49,63;196595;196587;192931;2824;235;605;0,39;0,01;1,74;0,01;1,3;1894724;49,16;3080;0,08;0;0;77243;2;2945;0,08;"SRR11711811";"C.arabica";"42_30_C";"Icatu";"PRJNA630692";"C.arabica_PRJNA630692"
"94";3870418;49;1883984;48,68;49,64;197236;197233;193524;2905;237;570;0,38;0,01;1,72;0,02;1,31;1903694;49,19;3061;0,08;0;0;76655;1,98;3024;0,08;"SRR11711812";"C.arabica";"42_30_C";"Icatu";"PRJNA630692";"C.arabica_PRJNA630692"
"95";853171;49;417867;48,98;49,63;43549;43549;42896;501;25;127;0,4;0,01;1,75;0,02;1,3;416609;48,83;673;0,08;0;0;17386;2,04;636;0,07;"SRR11711813";"C.arabica";"42_30_C";"Icatu";"PRJNA630692";"C.arabica_PRJNA630692"
"96";3872558;49;1893674;48,9;49,63;195685;195683;192516;2354;236;579;0,38;0,01;1,74;0,01;1,31;1895782;48,95;3107;0,08;0;0;76967;1,99;3028;0,08;"SRR11711814";"C.arabica";"42_30_C";"Icatu";"PRJNA630692";"C.arabica_PRJNA630692"
"97";3862011;49;1845679;47,79;49,68;205506;205501;201265;3253;374;614;0,35;0,01;1,76;0,01;1,32;1951865;50,54;2316;0,06;0;0;60822;1,57;1329;0,03;"SRR11711815";"C.arabica";"25_20_C";"Icatu";"PRJNA630692";"C.arabica_PRJNA630692"
"98";3851927;49;1883588;48,9;49,63;194872;194868;191228;2806;256;582;0,38;0,01;1,71;0,01;1,31;1885664;48,95;3216;0,08;0;0;76460;1,98;2999;0,08;"SRR11711816";"C.arabica";"42_30_C";"Icatu";"PRJNA630692";"C.arabica_PRJNA630692"
"99";3881882;49;1897052;48,87;49,63;196699;196699;193030;2841;256;572;0,37;0,01;1,71;0,01;1,31;1901899;48,99;3109;0,08;0;0;76774;1,98;3048;0,08;"SRR11711817";"C.arabica";"42_30_C";"Icatu";"PRJNA630692";"C.arabica_PRJNA630692"
"100";3855832;49;1884906;48,88;49,63;195113;195110;191777;2682;125;529;0,38;0,01;1,73;0,02;1,31;1887720;48,96;3173;0,08;0;0;76965;2;3068;0,08;"SRR11711818";"C.arabica";"42_30_C";"Icatu";"PRJNA630692";"C.arabica_PRJNA630692"
"101";3850192;49;1882295;48,89;49,63;195367;195362;191751;2789;283;544;0,39;0,01;1,72;0,02;1,32;1884420;48,94;3141;0,08;0;0;77280;2,01;3056;0,08;"SRR11711819";"C.arabica";"42_30_C";"Icatu";"PRJNA630692";"C.arabica_PRJNA630692"
"102";3878338;49;1895403;48,87;49,63;196397;196393;192906;2708;238;545;0,38;0,01;1,71;0,01;1,31;1900021;48,99;3263;0,08;0;0;76477;1,97;3174;0,08;"SRR11711820";"C.arabica";"42_30_C";"Icatu";"PRJNA630692";"C.arabica_PRJNA630692"
"103";3840423;49;1876467;48,86;49,63;193979;193979;190501;2719;258;501;0,4;0,01;1,73;0,02;1,31;1880651;48,97;3218;0,08;0;0;77019;2,01;3068;0,08;"SRR11711821";"C.arabica";"42_30_C";"Icatu";"PRJNA630692";"C.arabica_PRJNA630692"
"104";3850239;49;1882545;48,89;49,63;194509;194506;190877;2792;243;597;0,39;0,01;1,7;0,01;1,31;1885005;48,96;3212;0,08;0;0;76493;1,99;2984;0,08;"SRR11711822";"C.arabica";"42_30_C";"Icatu";"PRJNA630692";"C.arabica_PRJNA630692"
"105";3886716;49;1901101;48,91;49,64;197789;197784;194075;2917;236;561;0,38;0,01;1,72;0,01;1,31;1903149;48,97;3120;0,08;0;0;76231;1,96;3115;0,08;"SRR11711823";"C.arabica";"42_30_C";"Icatu";"PRJNA630692";"C.arabica_PRJNA630692"
"106";3218118;49;1559216;48,45;49,6;147251;147248;144233;2306;222;490;0,39;0,01;1,77;0,02;1,32;1586394;49,3;2104;0,07;0;0;68531;2,13;1873;0,06;"SRR11711824";"C.arabica";"42_30_C";"Icatu";"PRJNA630692";"C.arabica_PRJNA630692"
"107";3871042;49;1876551;48,48;49,6;177265;177260;173796;2786;97;586;0,38;0,01;1,74;0,02;1,33;1908093;49,29;2592;0,07;0;0;81549;2,11;2257;0,06;"SRR11711825";"C.arabica";"42_30_C";"Icatu";"PRJNA630692";"C.arabica_PRJNA630692"
"108";3858881;49;1845056;47,81;49,68;206221;206213;202087;3189;339;606;0,36;0,01;1,78;0,01;1,33;1949772;50,53;2054;0,05;0;0;60591;1,57;1408;0,04;"SRR11711826";"C.arabica";"25_20_C";"Icatu";"PRJNA630692";"C.arabica_PRJNA630692"
"109";3882411;49;1883463;48,51;49,61;177389;177387;173795;2805;236;553;0,38;0,01;1,79;0,02;1,32;1912475;49,26;2513;0,06;0;0;81728;2,11;2232;0,06;"SRR11711827";"C.arabica";"42_30_C";"Icatu";"PRJNA630692";"C.arabica_PRJNA630692"
"110";3850418;49;1866002;48,46;49,6;175329;175329;171841;2750;218;520;0,39;0,01;1,73;0,02;1,32;1896957;49,27;2592;0,07;0;0;82607;2,15;2260;0,06;"SRR11711828";"C.arabica";"42_30_C";"Icatu";"PRJNA630692";"C.arabica_PRJNA630692"
"111";3863746;49;1873341;48,49;49,6;176252;176248;173285;2160;254;553;0,39;0,01;1,75;0,02;1,33;1903804;49,27;2469;0,06;0;0;81852;2,12;2280;0,06;"SRR11711833";"C.arabica";"42_30_C";"Icatu";"PRJNA630692";"C.arabica_PRJNA630692"
"112";3880459;49;1882017;48,5;49,6;176961;176954;174103;2185;97;576;0,39;0,01;1,75;0,02;1,33;1911111;49,25;2560;0,07;0;0;82461;2,13;2310;0,06;"SRR11711844";"C.arabica";"42_30_C";"Icatu";"PRJNA630692";"C.arabica_PRJNA630692"
"113";3839996;49;1861285;48,47;49,6;174957;174951;172039;2158;235;525;0,41;0,01;1,76;0,02;1,33;1891241;49,25;2451;0,06;0;0;82870;2,16;2149;0,06;"SRR11711855";"C.arabica";"42_30_C";"Icatu";"PRJNA630692";"C.arabica_PRJNA630692"
"114";3856893;49;1870862;48,51;49,6;177222;177217;173596;2794;260;572;0,4;0,01;1,76;0,02;1,32;1898552;49,22;2573;0,07;0;0;82611;2,14;2295;0,06;"SRR11711866";"C.arabica";"42_30_C";"Icatu";"PRJNA630692";"C.arabica_PRJNA630692"
"115";3885149;49;1886371;48,55;49,6;178139;178136;175174;2136;247;582;0,38;0,01;1,76;0,02;1,31;1912063;49,21;2527;0,07;0;0;81964;2,11;2224;0,06;"SRR11711877";"C.arabica";"42_30_C";"Icatu";"PRJNA630692";"C.arabica_PRJNA630692"
"116";3625754;49;887438;24,48;49,69;100097;100097;98231;1482;96;288;0,34;0,01;1,8;0,01;1,32;2700829;74,49;1118;0,03;0;0;35639;0,98;730;0,02;"SRR11711888";"C.arabica";"25_20_C";"Icatu";"PRJNA630692";"C.arabica_PRJNA630692"
"117";3828244;50;936927;24,47;49,69;105298;105296;103378;1508;92;320;0,35;0,01;1,78;0,01;1,33;2851974;74,5;1085;0,03;0;0;37383;0,98;875;0,02;"SRR11711899";"C.arabica";"25_20_C";"Icatu";"PRJNA630692";"C.arabica_PRJNA630692"
"118";2311932;50;1137583;49,2;49,64;119518;119516;116923;2079;205;311;0,37;0,01;1,83;0,01;1,31;1134149;49,06;1297;0,06;0;0;37949;1,64;954;0,04;"SRR11711907";"C.arabica";"37_28_C";"Icatu";"PRJNA630692";"C.arabica_PRJNA630692"
"119";3896818;50;1914614;49,13;49,64;199741;199738;196152;2671;335;583;0,36;0,01;1,82;0,01;1,31;1915363;49,15;2353;0,06;0;0;62790;1,61;1698;0,04;"SRR11711908";"C.arabica";"37_28_C";"Icatu";"PRJNA630692";"C.arabica_PRJNA630692"
"120";3896511;50;1914486;49,13;49,64;200103;200097;196683;2566;344;510;0,36;0,01;1,83;0,01;1,32;1914913;49,14;2222;0,06;0;0;63146;1,62;1744;0,04;"SRR11711909";"C.arabica";"37_28_C";"Icatu";"PRJNA630692";"C.arabica_PRJNA630692"
"121";3828635;50;936657;24,46;49,69;105441;105440;103378;1589;166;308;0,35;0,01;1,71;0,01;1,32;2847603;74,38;5858;0,15;0;0;37680;0,98;837;0,02;"SRR11711910";"C.arabica";"25_20_C";"Icatu";"PRJNA630692";"C.arabica_PRJNA630692"
"122";3858297;49;1843343;47,78;49,68;205435;205430;201369;3170;307;589;0,36;0,01;1,77;0,01;1,33;1950671;50,56;2182;0,06;0;0;60747;1,57;1354;0,04;"SRR11711911";"C.arabica";"25_20_C";"Icatu";"PRJNA630692";"C.arabica_PRJNA630692"
"123";3888240;50;1909111;49,1;49,64;201023;201023;196520;3655;309;539;0,37;0,01;1,84;0,01;1,32;1912146;49,18;2234;0,06;0;0;63051;1,62;1698;0,04;"SRR11711912";"C.arabica";"37_28_C";"Icatu";"PRJNA630692";"C.arabica_PRJNA630692"
"124";3879078;50;1906040;49,14;49,64;200216;200204;195739;3577;349;551;0,38;0,01;1,83;0,01;1,32;1905427;49,12;2339;0,06;0;0;63625;1,64;1647;0,04;"SRR11711913";"C.arabica";"37_28_C";"Icatu";"PRJNA630692";"C.arabica_PRJNA630692"
"125";3894414;49;1914457;49,16;49,63;200290;200287;196814;2578;339;559;0,37;0,01;1,85;0,01;1,33;1917787;49,24;2255;0,06;0;0;58322;1,5;1593;0,04;"SRR11711914";"C.arabica";"37_28_C";"Icatu";"PRJNA630692";"C.arabica_PRJNA630692"
"126";3901117;50;1916087;49,12;49,64;201534;201531;197128;3543;319;544;0,36;0,01;1,83;0,01;1,31;1918523;49,18;2278;0,06;0;0;62569;1,6;1660;0,04;"SRR11711915";"C.arabica";"37_28_C";"Icatu";"PRJNA630692";"C.arabica_PRJNA630692"
"127";3861403;49;1599070;41,41;49,68;182791;182783;179499;2437;298;557;0,35;0,01;1,76;0,01;1,34;2205669;57,12;2030;0,05;0;0;53363;1,38;1271;0,03;"SRR11711916";"C.arabica";"25_20_C";"Icatu";"PRJNA630692";"C.arabica_PRJNA630692"
"128";3862891;49;1599529;41,41;49,68;183205;183204;179811;2609;289;496;0,35;0,01;1,77;0,01;1,34;2206617;57,12;2054;0,05;0;0;53492;1,38;1199;0,03;"SRR11711927";"C.arabica";"25_20_C";"Icatu";"PRJNA630692";"C.arabica_PRJNA630692"
"129";3863050;49;1598675;41,38;49,68;183603;183600;180376;2436;280;511;0,36;0,01;1,76;0,01;1,32;2207908;57,15;2039;0,05;0;0;53271;1,38;1157;0,03;"SRR11711938";"C.arabica";"25_20_C";"Icatu";"PRJNA630692";"C.arabica_PRJNA630692"
"130";3863595;49;1599507;41,4;49,68;183167;183160;179570;2789;303;505;0,36;0,01;1,75;0,01;1,31;2207139;57,13;1956;0,05;0;0;53735;1,39;1258;0,03;"SRR11711949";"C.arabica";"25_20_C";"Icatu";"PRJNA630692";"C.arabica_PRJNA630692"
"131";3863806;49;1847330;47,81;49,68;206087;206081;202114;3049;327;597;0,36;0,01;1,77;0,01;1,31;1952328;50,53;2186;0,06;0;0;60662;1,57;1300;0,03;"SRR11711950";"C.arabica";"25_20_C";"Icatu";"PRJNA630692";"C.arabica_PRJNA630692"
"132";3872279;49;1850692;47,79;49,68;206830;206822;202917;3160;170;583;0,35;0,01;1,76;0,01;1,34;1957372;50,55;2157;0,06;0;0;60721;1,57;1337;0,03;"SRR11711951";"C.arabica";"25_20_C";"Icatu";"PRJNA630692";"C.arabica_PRJNA630692"
"133";2386902;50;2048698;85,83;49,36;235692;235689;233319;2160;213;0;0,88;0,04;2,09;0,02;1,62;216864;9,09;904;0,04;0;0;120126;5,03;310;0,01;"SRR11711678";"C.canephora";"37_28_C";"Icatu";"PRJNA630692";"C.canephora_PRJNA630692"
"134";3906279;50;3356649;85,93;49,36;387739;387728;383630;3757;352;0;0,87;0,04;2,08;0,02;1,63;353471;9,05;1436;0,04;0;0;194080;4,97;643;0,02;"SRR11711679";"C.canephora";"37_28_C";"Icatu";"PRJNA630692";"C.canephora_PRJNA630692"
"135";3906448;50;3354464;85,87;49,36;387945;387932;383792;3838;315;0;0,87;0,04;2,08;0,02;1,62;355039;9,09;1516;0,04;0;0;194677;4,98;752;0,02;"SRR11711680";"C.canephora";"37_28_C";"Icatu";"PRJNA630692";"C.canephora_PRJNA630692"
"136";3898572;50;3346614;85,84;49,36;385057;385049;381156;3590;311;0;0,88;0,04;2,08;0,02;1,63;354817;9,1;1548;0,04;0;0;195017;5;576;0,01;"SRR11711681";"C.canephora";"37_28_C";"Icatu";"PRJNA630692";"C.canephora_PRJNA630692"
"137";3892984;50;3341177;85,83;49,35;384627;384622;380582;3733;312;0;0,88;0,04;2,08;0,02;1,63;354352;9,1;1467;0,04;0;0;195347;5,02;641;0,02;"SRR11711682";"C.canephora";"37_28_C";"Icatu";"PRJNA630692";"C.canephora_PRJNA630692"
"138";3910726;50;3356670;85,83;49,36;388606;388596;384307;3981;318;0;0,87;0,04;2,09;0,02;1,63;356155;9,11;1504;0,04;0;0;195829;5,01;568;0,01;"SRR11711683";"C.canephora";"37_28_C";"Icatu";"PRJNA630692";"C.canephora_PRJNA630692"
"139";3831839;50;2794438;72,93;49,1;208659;208647;206398;2190;71;0;1,21;0,02;1,91;0,01;1,59;844559;22,04;951;0,02;0;0;191449;5;442;0,01;"SRR11711684";"C.canephora";"25_20_C";"Icatu";"PRJNA630692";"C.canephora_PRJNA630692"
"140";3912464;50;3358758;85,85;49,36;387738;387721;383698;3721;319;0;0,87;0,04;2,08;0,02;1,62;356435;9,11;1648;0,04;0;0;194890;4,98;733;0,02;"SRR11711685";"C.canephora";"37_28_C";"Icatu";"PRJNA630692";"C.canephora_PRJNA630692"
"141";28013;50;24082;85,97;49,34;2739;2739;2715;24;0;0;0,89;0,04;2,07;0,02;1,55;2414;8,62;10;0,04;0;0;1504;5,37;3;0,01;"SRR11711686";"C.canephora";"37_28_C";"Icatu";"PRJNA630692";"C.canephora_PRJNA630692"
"142";3879317;50;3335378;85,98;49,36;382821;382808;379161;3380;280;0;0,87;0,04;2,13;0,02;1,63;347139;8,95;1310;0,03;0;0;194824;5,02;666;0,02;"SRR11711687";"C.canephora";"37_28_C";"Icatu";"PRJNA630692";"C.canephora_PRJNA630692"
"143";3901918;50;3352040;85,91;49,37;385301;385294;381445;3538;318;0;0,86;0,04;2,12;0,02;1,64;352533;9,03;1277;0,03;0;0;195385;5,01;683;0,02;"SRR11711688";"C.canephora";"37_28_C";"Icatu";"PRJNA630692";"C.canephora_PRJNA630692"
"144";3893662;50;3344907;85,91;49,37;385263;385250;381322;3624;317;0;0,87;0,04;2,13;0,02;1,64;351101;9,02;1336;0,03;0;0;195671;5,03;647;0,02;"SRR11711689";"C.canephora";"37_28_C";"Icatu";"PRJNA630692";"C.canephora_PRJNA630692"
"145";3885754;50;3336819;85,87;49,36;383777;383760;379854;3600;323;0;0,88;0,04;2,11;0,02;1,62;350728;9,03;1318;0,03;0;0;196234;5,05;655;0,02;"SRR11711690";"C.canephora";"37_28_C";"Icatu";"PRJNA630692";"C.canephora_PRJNA630692"
"146";3886130;50;3339166;85,93;49,36;384017;384009;380212;3493;312;0;0,88;0,04;2,11;0,02;1,62;349083;8,98;1267;0,03;0;0;195860;5,04;754;0,02;"SRR11711691";"C.canephora";"37_28_C";"Icatu";"PRJNA630692";"C.canephora_PRJNA630692"
"147";3903641;50;3353758;85,91;49,37;386372;386348;382208;3801;363;0;0,87;0,04;2,12;0,02;1,64;352241;9,02;1305;0,03;0;0;195662;5,01;675;0,02;"SRR11711692";"C.canephora";"37_28_C";"Icatu";"PRJNA630692";"C.canephora_PRJNA630692"
"148";3906045;50;3357916;85,97;49,37;386593;386572;382656;3582;355;0;0,87;0,04;2,12;0,02;1,63;350962;8,99;1338;0,03;0;0;195002;4,99;827;0,02;"SRR11711693";"C.canephora";"37_28_C";"Icatu";"PRJNA630692";"C.canephora_PRJNA630692"
"149";3827895;50;2790068;72,89;49,1;208527;208520;206185;2202;140;0;1,21;0,02;1,93;0,01;1,58;843975;22,05;988;0,03;0;0;192188;5,02;676;0,02;"SRR11711695";"C.canephora";"25_20_C";"Icatu";"PRJNA630692";"C.canephora_PRJNA630692"
"150";3827361;50;2784079;72,74;49,1;208220;208213;205978;2096;146;0;1,2;0,02;1,95;0,01;1,6;849277;22,19;1004;0,03;0;0;192366;5,03;635;0,02;"SRR11711706";"C.canephora";"25_20_C";"Icatu";"PRJNA630692";"C.canephora_PRJNA630692"
"151";3836664;50;2796859;72,9;49,1;209666;209644;207453;2153;60;0;1,21;0,02;1,92;0,01;1,58;846377;22,06;1116;0,03;0;0;191901;5;411;0,01;"SRR11711717";"C.canephora";"25_20_C";"Icatu";"PRJNA630692";"C.canephora_PRJNA630692"
"152";573985;49;479026;83,46;49,33;54285;54285;53770;503;12;0;0,94;0,03;1,98;0,02;1,6;69754;12,15;222;0,04;0;0;24870;4,33;113;0,02;"SRR11711728";"C.canephora";"25_20_C";"Icatu";"PRJNA630692";"C.canephora_PRJNA630692"
"153";3883936;49;3238734;83,39;49,34;368935;368933;365203;3461;271;0;0,92;0,03;1,96;0,02;1,58;478811;12,33;1513;0,04;0;0;163873;4,22;1005;0,03;"SRR11711739";"C.canephora";"25_20_C";"Icatu";"PRJNA630692";"C.canephora_PRJNA630692"
"154";3866558;49;3224005;83,38;49,33;368444;368424;364491;3691;262;0;0,93;0,03;1,95;0,02;1,58;475170;12,29;1552;0,04;0;0;164927;4,27;904;0,02;"SRR11711760";"C.canephora";"25_20_C";"Icatu";"PRJNA630692";"C.canephora_PRJNA630692"
"155";3876783;49;3231169;83,35;49,34;368796;368772;364565;3996;235;0;0,93;0,03;1,94;0,02;1,57;478861;12,35;1495;0,04;0;0;164263;4,24;995;0,03;"SRR11711771";"C.canephora";"25_20_C";"Icatu";"PRJNA630692";"C.canephora_PRJNA630692"
"156";668013;49;581394;87,03;49,38;70344;70342;69597;721;26;0;0,88;0,03;2;0,02;1,57;57854;8,66;304;0,05;0;0;28263;4,23;198;0,03;"SRR11711782";"C.canephora";"25_20_C";"Icatu";"PRJNA630692";"C.canephora_PRJNA630692"
"157";3883540;49;3376771;86,95;49,4;413572;413559;409214;4121;237;0;0,85;0,03;1,99;0,02;1,58;343077;8,83;1597;0,04;0;0;161012;4,15;1083;0,03;"SRR11711793";"C.canephora";"25_20_C";"Icatu";"PRJNA630692";"C.canephora_PRJNA630692"
"158";3860218;49;3356553;86,95;49,4;410515;410489;406195;4029;291;0;0,86;0,03;1,98;0,02;1,59;339370;8,79;1735;0,04;0;0;161669;4,19;891;0,02;"SRR11711804";"C.canephora";"25_20_C";"Icatu";"PRJNA630692";"C.canephora_PRJNA630692"
"159";2953783;49;2566390;86,88;49,39;299614;299612;296613;2790;211;0;0,85;0,03;2,04;0,02;1,6;258050;8,74;1627;0,06;0;0;127305;4,31;411;0,01;"SRR11711805";"C.canephora";"42_30_C";"Icatu";"PRJNA630692";"C.canephora_PRJNA630692"
"160";3859514;49;3353127;86,88;49,4;391351;391328;387551;3529;271;0;0,84;0,03;2,06;0,02;1,59;338736;8,78;2262;0,06;0;0;164911;4,27;478;0,01;"SRR11711806";"C.canephora";"42_30_C";"Icatu";"PRJNA630692";"C.canephora_PRJNA630692"
"161";3869015;49;3361858;86,89;49,4;392067;392053;388503;3312;252;0;0,84;0,03;2,06;0,02;1,6;339390;8,77;2109;0,05;0;0;165154;4,27;504;0,01;"SRR11711807";"C.canephora";"42_30_C";"Icatu";"PRJNA630692";"C.canephora_PRJNA630692"
"162";3864274;49;3356617;86,86;49,4;393060;393042;389460;3383;217;0;0,84;0,03;2,05;0,02;1,6;339474;8,78;2147;0,06;0;0;165596;4,29;440;0,01;"SRR11711808";"C.canephora";"42_30_C";"Icatu";"PRJNA630692";"C.canephora_PRJNA630692"
"163";3840975;49;3334128;86,8;49,39;389146;389144;385454;3424;268;0;0,85;0,03;2,05;0,02;1,59;337476;8,79;2160;0,06;0;0;166721;4,34;490;0,01;"SRR11711809";"C.canephora";"42_30_C";"Icatu";"PRJNA630692";"C.canephora_PRJNA630692"
"164";3845466;49;3339055;86,83;49,39;390609;390607;386659;3683;267;0;0,85;0,03;2,05;0,02;1,59;337088;8,77;2070;0,05;0;0;166730;4,34;523;0,01;"SRR11711810";"C.canephora";"42_30_C";"Icatu";"PRJNA630692";"C.canephora_PRJNA630692"
"165";3854479;49;3347508;86,85;49,39;391594;391586;388047;3301;246;0;0,85;0,03;2,04;0,02;1,58;338010;8,77;2100;0,05;0;0;166407;4,32;454;0,01;"SRR11711811";"C.canephora";"42_30_C";"Icatu";"PRJNA630692";"C.canephora_PRJNA630692"
"166";3870418;49;3362059;86,87;49,4;393968;393959;390125;3597;246;0;0,84;0,03;2,05;0,02;1,6;339942;8,78;2168;0,06;0;0;165783;4,28;466;0,01;"SRR11711812";"C.canephora";"42_30_C";"Icatu";"PRJNA630692";"C.canephora_PRJNA630692"
"167";853171;49;742744;87,06;49,38;85421;85419;84546;855;20;0;0,86;0,04;2,05;0,02;1,6;72178;8,46;461;0,05;0;0;37668;4,42;120;0,01;"SRR11711813";"C.canephora";"42_30_C";"Icatu";"PRJNA630692";"C.canephora_PRJNA630692"
"168";3872558;49;3372734;87,09;49,4;391357;391342;387618;3483;256;0;0,84;0,04;2,04;0,02;1,6;331701;8,57;2085;0,05;0;0;165586;4,28;452;0,01;"SRR11711814";"C.canephora";"42_30_C";"Icatu";"PRJNA630692";"C.canephora_PRJNA630692"
"169";3862011;49;3358512;86,96;49,4;411171;411147;406296;4568;307;0;0,86;0,03;1,98;0,02;1,59;339260;8,78;1586;0,04;0;0;161679;4,19;974;0,03;"SRR11711815";"C.canephora";"25_20_C";"Icatu";"PRJNA630692";"C.canephora_PRJNA630692"
"170";3851927;49;3355096;87,1;49,39;389747;389732;385923;3528;296;0;0,84;0,03;2,04;0,02;1,6;329170;8,55;2080;0,05;0;0;165149;4,29;432;0,01;"SRR11711816";"C.canephora";"42_30_C";"Icatu";"PRJNA630692";"C.canephora_PRJNA630692"
"171";3881882;49;3380758;87,09;49,39;393294;393274;389500;3531;263;0;0,84;0,03;2,03;0,02;1,59;333308;8,59;2107;0,05;0;0;165223;4,26;486;0,01;"SRR11711817";"C.canephora";"42_30_C";"Icatu";"PRJNA630692";"C.canephora_PRJNA630692"
"172";3855832;49;3358809;87,11;49,39;389554;389528;385761;3672;121;0;0,85;0,04;2,03;0,02;1,6;328907;8,53;2104;0,05;0;0;165535;4,29;477;0,01;"SRR11711818";"C.canephora";"42_30_C";"Icatu";"PRJNA630692";"C.canephora_PRJNA630692"
"173";3850192;49;3352260;87,07;49,39;389084;389072;385440;3355;289;0;0,85;0,03;2,03;0,02;1,6;328666;8,54;2135;0,06;0;0;166665;4,33;466;0,01;"SRR11711819";"C.canephora";"42_30_C";"Icatu";"PRJNA630692";"C.canephora_PRJNA630692"
"174";3878338;49;3379394;87,14;49,39;392180;392166;388525;3405;250;0;0,85;0,03;2,04;0,02;1,59;330313;8,52;2174;0,06;0;0;165893;4,28;564;0,01;"SRR11711820";"C.canephora";"42_30_C";"Icatu";"PRJNA630692";"C.canephora_PRJNA630692"
"175";3840423;49;3343537;87,06;49,39;386633;386619;382989;3360;284;0;0,86;0,04;2,04;0,02;1,6;328094;8,54;2095;0,05;0;0;166187;4,33;510;0,01;"SRR11711821";"C.canephora";"42_30_C";"Icatu";"PRJNA630692";"C.canephora_PRJNA630692"
"176";3850239;49;3352015;87,06;49,39;389447;389432;385947;3268;232;0;0,85;0,04;2,04;0,02;1,6;329469;8,56;2124;0,06;0;0;166188;4,32;443;0,01;"SRR11711822";"C.canephora";"42_30_C";"Icatu";"PRJNA630692";"C.canephora_PRJNA630692"
"177";3886716;49;3386894;87,14;49,4;393616;393603;389893;3490;233;0;0,84;0,03;2,03;0,02;1,58;332086;8,54;2093;0,05;0;0;165135;4,25;508;0,01;"SRR11711823";"C.canephora";"42_30_C";"Icatu";"PRJNA630692";"C.canephora_PRJNA630692"
"178";3218118;49;2748038;85,39;49,32;289602;289582;286667;2712;223;0;0,89;0,04;2,07;0,02;1,62;311529;9,68;1266;0,04;0;0;156859;4,87;426;0,01;"SRR11711824";"C.canephora";"42_30_C";"Icatu";"PRJNA630692";"C.canephora_PRJNA630692"
"179";3871042;49;3306802;85,42;49,32;348818;348798;345526;3141;151;0;0,89;0,04;2,06;0,02;1,62;374139;9,67;1643;0,04;0;0;188052;4,86;406;0,01;"SRR11711825";"C.canephora";"42_30_C";"Icatu";"PRJNA630692";"C.canephora_PRJNA630692"
"180";3858881;49;3354344;86,93;49,4;410740;410724;406443;4021;276;0;0,86;0,03;2;0,02;1,6;339638;8,8;1676;0,04;0;0;162002;4,2;1221;0,03;"SRR11711826";"C.canephora";"25_20_C";"Icatu";"PRJNA630692";"C.canephora_PRJNA630692"
"181";3882411;49;3316872;85,43;49,33;350056;350044;346491;3303;262;0;0,88;0,04;2,07;0,02;1,61;375536;9,67;1539;0,04;0;0;187999;4,84;465;0,01;"SRR11711827";"C.canephora";"42_30_C";"Icatu";"PRJNA630692";"C.canephora_PRJNA630692"
"182";3850418;49;3287664;85,38;49,32;347091;347076;343270;3586;235;0;0,89;0,04;2,07;0,02;1,6;372637;9,68;1607;0,04;0;0;187974;4,88;536;0,01;"SRR11711828";"C.canephora";"42_30_C";"Icatu";"PRJNA630692";"C.canephora_PRJNA630692"
"183";3863746;49;3298200;85,36;49,32;347699;347685;344104;3332;263;0;0,89;0,04;2,08;0,02;1,61;375368;9,72;1589;0,04;0;0;188139;4,87;450;0,01;"SRR11711833";"C.canephora";"42_30_C";"Icatu";"PRJNA630692";"C.canephora_PRJNA630692"
"184";3880459;49;3314203;85,41;49,32;350012;350001;346266;3614;132;0;0,89;0,04;2,07;0,02;1,62;375680;9,68;1503;0,04;0;0;188550;4,86;523;0,01;"SRR11711844";"C.canephora";"42_30_C";"Icatu";"PRJNA630692";"C.canephora_PRJNA630692"
"185";3839996;49;3278984;85,39;49,32;346751;346744;343031;3463;257;0;0,91;0,04;2,06;0,02;1,61;370725;9,65;1475;0,04;0;0;188332;4,9;480;0,01;"SRR11711855";"C.canephora";"42_30_C";"Icatu";"PRJNA630692";"C.canephora_PRJNA630692"
"186";3856893;49;3292962;85,38;49,32;348046;348008;344451;3314;281;0;0,9;0,04;2,08;0,02;1,6;372930;9,67;1614;0,04;0;0;188864;4,9;523;0,01;"SRR11711866";"C.canephora";"42_30_C";"Icatu";"PRJNA630692";"C.canephora_PRJNA630692"
"187";3885149;49;3319895;85,45;49,33;350513;350491;347085;3173;255;0;0,89;0,04;2,07;0,02;1,62;376141;9,68;1525;0,04;0;0;187142;4,82;446;0,01;"SRR11711877";"C.canephora";"42_30_C";"Icatu";"PRJNA630692";"C.canephora_PRJNA630692"
"188";3625754;49;2634414;72,66;49,03;198366;198358;196333;1963;70;0;1,18;0,02;1,94;0,01;1,58;807233;22,26;982;0,03;0;0;182553;5,03;572;0,02;"SRR11711888";"C.canephora";"25_20_C";"Icatu";"PRJNA630692";"C.canephora_PRJNA630692"
"189";3828244;50;2791000;72,91;49,1;208685;208670;206406;2228;51;0;1,2;0,02;1,95;0,01;1,58;844294;22,05;1026;0,03;0;0;191325;5;599;0,02;"SRR11711899";"C.canephora";"25_20_C";"Icatu";"PRJNA630692";"C.canephora_PRJNA630692"
"190";2311932;50;1980451;85,66;49,35;228307;228304;225826;2269;212;0;0,88;0,04;2,09;0,02;1,63;211693;9,16;929;0,04;0;0;118407;5,12;452;0,02;"SRR11711907";"C.canephora";"37_28_C";"Icatu";"PRJNA630692";"C.canephora_PRJNA630692"
"191";3896818;50;3339905;85,71;49,36;387313;387227;383394;3577;342;0;0,87;0,04;2,08;0,02;1,63;357805;9,18;1593;0,04;0;0;196871;5,05;644;0,02;"SRR11711908";"C.canephora";"37_28_C";"Icatu";"PRJNA630692";"C.canephora_PRJNA630692"
"192";3896511;50;3337761;85,66;49,36;385938;385934;381951;3638;349;0;0,87;0,04;2,09;0,02;1,64;359575;9,23;1624;0,04;0;0;197039;5,06;512;0,01;"SRR11711909";"C.canephora";"37_28_C";"Icatu";"PRJNA630692";"C.canephora_PRJNA630692"
"193";3828635;50;2785477;72,75;49,1;208319;208311;206099;2077;143;0;1,2;0,02;1,92;0,01;1,58;850128;22,2;1045;0,03;0;0;191533;5;452;0,01;"SRR11711910";"C.canephora";"25_20_C";"Icatu";"PRJNA630692";"C.canephora_PRJNA630692"
"194";3858297;49;3352916;86,9;49,39;411013;411008;406307;4453;253;0;0,87;0,03;1,99;0,02;1,59;340288;8,82;1694;0,04;0;0;162224;4,2;1175;0,03;"SRR11711911";"C.canephora";"25_20_C";"Icatu";"PRJNA630692";"C.canephora_PRJNA630692"
"195";3888240;50;3328212;85,6;49,36;384651;384645;380722;3580;349;0;0,87;0,04;2,09;0,02;1,63;360314;9,27;1610;0,04;0;0;197521;5,08;583;0,01;"SRR11711912";"C.canephora";"37_28_C";"Icatu";"PRJNA630692";"C.canephora_PRJNA630692"
"196";3879078;50;3321061;85,61;49,36;383804;383794;379708;3761;335;0;0,88;0,04;2,1;0,02;1,64;356716;9,2;1566;0,04;0;0;199172;5,13;563;0,01;"SRR11711913";"C.canephora";"37_28_C";"Icatu";"PRJNA630692";"C.canephora_PRJNA630692"
"197";3894414;49;3336032;85,66;49,35;386571;386557;382393;3853;325;0;0,87;0,04;2,1;0,02;1,64;362327;9,3;1525;0,04;0;0;193946;4,98;584;0,01;"SRR11711914";"C.canephora";"37_28_C";"Icatu";"PRJNA630692";"C.canephora_PRJNA630692"
"198";3901117;50;3339713;85,61;49,36;387181;387169;382846;4023;312;0;0,87;0,04;2,08;0,02;1,63;360479;9,24;1516;0,04;0;0;198749;5,09;660;0,02;"SRR11711915";"C.canephora";"37_28_C";"Icatu";"PRJNA630692";"C.canephora_PRJNA630692"
"199";3861403;49;3218234;83,34;49,34;366715;366707;362568;3924;223;0;0,93;0,03;1,96;0,02;1,58;476035;12,33;1531;0,04;0;0;164698;4,27;905;0,02;"SRR11711916";"C.canephora";"25_20_C";"Icatu";"PRJNA630692";"C.canephora_PRJNA630692"
"200";3862891;49;3221262;83,39;49,34;367089;367082;363036;3814;239;0;0,93;0,03;1,95;0,02;1,59;474786;12,29;1468;0,04;0;0;164249;4,25;1126;0,03;"SRR11711927";"C.canephora";"25_20_C";"Icatu";"PRJNA630692";"C.canephora_PRJNA630692"
"201";3863050;49;3220406;83,36;49,34;367439;367410;363315;3852;272;0;0,93;0,03;1,94;0,02;1,59;475192;12,3;1575;0,04;0;0;164928;4,27;949;0,02;"SRR11711938";"C.canephora";"25_20_C";"Icatu";"PRJNA630692";"C.canephora_PRJNA630692"
"202";3863595;49;3219692;83,33;49,33;367182;367167;363071;3869;242;0;0,94;0,03;1,94;0,02;1,59;476855;12,34;1459;0,04;0;0;164836;4,27;753;0,02;"SRR11711949";"C.canephora";"25_20_C";"Icatu";"PRJNA630692";"C.canephora_PRJNA630692"
"203";3863806;49;3359866;86,96;49,4;411681;411665;407227;4168;286;0;0,86;0,03;1,99;0,02;1,59;340146;8,8;1647;0,04;0;0;161023;4,17;1124;0,03;"SRR11711950";"C.canephora";"25_20_C";"Icatu";"PRJNA630692";"C.canephora_PRJNA630692"
"204";3872279;49;3367931;86,98;49,4;413761;413750;409287;4326;148;0;0,86;0,04;1,98;0,02;1,58;340859;8,8;1597;0,04;0;0;161059;4,16;833;0,02;"SRR11711951";"C.canephora";"25_20_C";"Icatu";"PRJNA630692";"C.canephora_PRJNA630692"
"205";2386902;50;1827063;76,55;49,41;219512;219509;215396;3418;147;551;0,82;0,03;1,84;0,02;1,57;468514;19,63;1404;0,06;0;0;89222;3,74;699;0,03;"SRR11711678";"C.eugenioides";"37_28_C";"Icatu";"PRJNA630692";"C.eugenioides_PRJNA630692"
"206";3906279;50;2991661;76,59;49,42;359860;359855;353659;5085;248;868;0,81;0,03;1,83;0,02;1,59;767866;19,66;2181;0,06;0;0;143578;3,68;993;0,03;"SRR11711679";"C.eugenioides";"37_28_C";"Icatu";"PRJNA630692";"C.eugenioides_PRJNA630692"
"207";3906448;50;2992477;76,6;49,42;361286;361282;354406;5765;243;872;0,81;0,03;1,83;0,02;1,58;766651;19,63;2306;0,06;0;0;144021;3,69;993;0,03;"SRR11711680";"C.eugenioides";"37_28_C";"Icatu";"PRJNA630692";"C.eugenioides_PRJNA630692"
"208";3898572;50;2984184;76,55;49,42;359038;359034;352181;5767;227;863;0,81;0,03;1,83;0,02;1,58;766084;19,65;2307;0,06;0;0;144797;3,71;1200;0,03;"SRR11711681";"C.eugenioides";"37_28_C";"Icatu";"PRJNA630692";"C.eugenioides_PRJNA630692"
"209";3892984;50;2980104;76,55;49,42;357963;357961;351100;5802;231;830;0,82;0,03;1,84;0,02;1,58;764435;19,64;2275;0,06;0;0;145070;3,73;1100;0,03;"SRR11711682";"C.eugenioides";"37_28_C";"Icatu";"PRJNA630692";"C.eugenioides_PRJNA630692"
"210";3910726;50;2994289;76,57;49,42;361385;361377;354431;5804;258;892;0,81;0,03;1,82;0,02;1,59;768090;19,64;2266;0,06;0;0;145056;3,71;1025;0,03;"SRR11711683";"C.eugenioides";"37_28_C";"Icatu";"PRJNA630692";"C.eugenioides_PRJNA630692"
"211";3831839;50;1634085;42,64;49,51;197738;197737;194074;2777;215;672;0,74;0,02;1,81;0,02;1,58;2128155;55,54;1071;0,03;0;0;67867;1,77;661;0,02;"SRR11711684";"C.eugenioides";"25_20_C";"Icatu";"PRJNA630692";"C.eugenioides_PRJNA630692"
"212";3912464;50;2995187;76,56;49,42;361004;361003;354043;5857;250;854;0,81;0,03;1,83;0,02;1,6;769521;19,67;2237;0,06;0;0;144231;3,69;1288;0,03;"SRR11711685";"C.eugenioides";"37_28_C";"Icatu";"PRJNA630692";"C.eugenioides_PRJNA630692"
"213";28013;50;21579;77,03;49,4;2602;2602;2546;42;2;12;0,85;0,02;1,74;0,02;1,59;5343;19,07;9;0,03;0;0;1075;3,84;7;0,02;"SRR11711686";"C.eugenioides";"37_28_C";"Icatu";"PRJNA630692";"C.eugenioides_PRJNA630692"
"214";3879317;50;2975264;76,7;49,42;357512;357506;350490;5839;255;928;0,81;0,03;1,85;0,02;1,58;757166;19,52;1924;0,05;0;0;143926;3,71;1037;0,03;"SRR11711687";"C.eugenioides";"37_28_C";"Icatu";"PRJNA630692";"C.eugenioides_PRJNA630692"
"215";3901918;50;2991248;76,66;49,43;359299;359298;352394;5660;261;984;0,8;0,03;1,84;0,02;1,59;764130;19,58;1849;0,05;0;0;143501;3,68;1190;0,03;"SRR11711688";"C.eugenioides";"37_28_C";"Icatu";"PRJNA630692";"C.eugenioides_PRJNA630692"
"216";3893662;50;2985499;76,68;49,43;359270;359264;352357;5764;241;908;0,81;0,03;1,86;0,02;1,59;761192;19,55;1862;0,05;0;0;144109;3,7;1000;0,03;"SRR11711689";"C.eugenioides";"37_28_C";"Icatu";"PRJNA630692";"C.eugenioides_PRJNA630692"
"217";3885754;50;2978039;76,64;49,42;357883;357879;350940;5837;228;878;0,82;0,03;1,85;0,02;1,59;759619;19,55;1951;0,05;0;0;145307;3,74;838;0,02;"SRR11711690";"C.eugenioides";"37_28_C";"Icatu";"PRJNA630692";"C.eugenioides_PRJNA630692"
"218";3886130;50;2979636;76,67;49,42;358223;358219;351141;5838;265;979;0,82;0,03;1,85;0,02;1,57;758290;19,51;1951;0,05;0;0;145241;3,74;1012;0,03;"SRR11711691";"C.eugenioides";"37_28_C";"Icatu";"PRJNA630692";"C.eugenioides_PRJNA630692"
"219";3903641;50;2992456;76,66;49,43;360184;360177;353135;5855;250;944;0,81;0,03;1,86;0,02;1,58;763520;19,56;2040;0,05;0;0;144557;3,7;1068;0,03;"SRR11711692";"C.eugenioides";"37_28_C";"Icatu";"PRJNA630692";"C.eugenioides_PRJNA630692"
"220";3906045;50;2995711;76,69;49,43;360171;360165;353227;5792;250;902;0,8;0,03;1,86;0,02;1,58;763481;19,55;1990;0,05;0;0;144045;3,69;818;0,02;"SRR11711693";"C.eugenioides";"37_28_C";"Icatu";"PRJNA630692";"C.eugenioides_PRJNA630692"
"221";3827895;50;1633252;42,67;49,5;197393;197391;193605;2866;193;729;0,74;0,02;1,79;0,02;1,57;2125426;55,52;1073;0,03;0;0;67499;1,76;645;0,02;"SRR11711695";"C.eugenioides";"25_20_C";"Icatu";"PRJNA630692";"C.eugenioides_PRJNA630692"
"222";3827361;50;1636707;42,76;49,5;197513;197511;193769;2842;197;705;0,74;0,02;1,83;0,02;1,57;2120828;55,41;1654;0,04;0;0;67443;1,76;729;0,02;"SRR11711706";"C.eugenioides";"25_20_C";"Icatu";"PRJNA630692";"C.eugenioides_PRJNA630692"
"223";3836664;50;1641096;42,77;49,51;198778;198775;195019;2843;171;745;0,73;0,02;1,8;0,02;1,58;2126478;55,43;1031;0,03;0;0;67145;1,75;914;0,02;"SRR11711717";"C.eugenioides";"25_20_C";"Icatu";"PRJNA630692";"C.eugenioides_PRJNA630692"
"224";573985;49;399273;69,56;49,47;51626;51623;50695;722;38;171;0,79;0,02;1,79;0,02;1,58;158850;27,67;261;0,05;0;0;15491;2,7;110;0,02;"SRR11711728";"C.eugenioides";"25_20_C";"Icatu";"PRJNA630692";"C.eugenioides_PRJNA630692"
"225";3883936;49;2702489;69,58;49,48;348527;348508;342197;4918;328;1084;0,76;0,02;1,79;0,02;1,57;1077230;27,74;1878;0,05;0;0;101561;2,61;778;0,02;"SRR11711739";"C.eugenioides";"25_20_C";"Icatu";"PRJNA630692";"C.eugenioides_PRJNA630692"
"226";3866558;49;2691910;69,62;49,47;348970;348965;342417;5083;318;1152;0,78;0,02;1,8;0,02;1,58;1069399;27,66;1872;0,05;0;0;102245;2,64;1132;0,03;"SRR11711760";"C.eugenioides";"25_20_C";"Icatu";"PRJNA630692";"C.eugenioides_PRJNA630692"
"227";3876783;49;2697595;69,58;49,47;347799;347791;341751;4620;292;1136;0,77;0,02;1,8;0,02;1,57;1074046;27,7;1940;0,05;0;0;101909;2,63;1293;0,03;"SRR11711771";"C.eugenioides";"25_20_C";"Icatu";"PRJNA630692";"C.eugenioides_PRJNA630692"
"228";668013;49;526730;78,85;49,45;67152;67152;65954;930;57;211;0,8;0,03;1,8;0,03;1,57;119403;17,87;327;0,05;0;0;21422;3,21;131;0,02;"SRR11711782";"C.eugenioides";"25_20_C";"Icatu";"PRJNA630692";"C.eugenioides_PRJNA630692"
"229";3883540;49;3062339;78,85;49,46;390873;390867;383443;5698;326;1406;0,78;0,03;1,82;0,03;1,59;697266;17,95;1889;0,05;0;0;120714;3,11;1332;0,03;"SRR11711793";"C.eugenioides";"25_20_C";"Icatu";"PRJNA630692";"C.eugenioides_PRJNA630692"
"230";3860218;49;3041048;78,78;49,46;387225;387217;379924;5500;354;1447;0,79;0,03;1,8;0,02;1,58;694187;17,98;2020;0,05;0;0;121842;3,16;1121;0,03;"SRR11711804";"C.eugenioides";"25_20_C";"Icatu";"PRJNA630692";"C.eugenioides_PRJNA630692"
"231";2953783;49;2299683;77,86;49,43;278572;278570;273901;3943;227;501;0,81;0,03;1,82;0,02;1,59;542983;18,38;3009;0,1;0;0;106965;3,62;1143;0,04;"SRR11711805";"C.eugenioides";"42_30_C";"Icatu";"PRJNA630692";"C.eugenioides_PRJNA630692"
"232";3859514;49;3004818;77,85;49,43;363768;363762;357686;5127;291;664;0,8;0,03;1,82;0,02;1,6;710080;18,4;3788;0,1;0;0;139342;3,61;1486;0,04;"SRR11711806";"C.eugenioides";"42_30_C";"Icatu";"PRJNA630692";"C.eugenioides_PRJNA630692"
"233";3869015;49;3014076;77,9;49,43;364695;364688;358517;5189;302;687;0,8;0,03;1,82;0,02;1,59;711864;18,4;3861;0,1;0;0;137739;3,56;1475;0,04;"SRR11711807";"C.eugenioides";"42_30_C";"Icatu";"PRJNA630692";"C.eugenioides_PRJNA630692"
"234";3864274;49;3009975;77,89;49,43;365056;365053;359028;5079;280;669;0,8;0,03;1,82;0,02;1,59;710459;18,39;3851;0,1;0;0;138540;3,59;1449;0,04;"SRR11711808";"C.eugenioides";"42_30_C";"Icatu";"PRJNA630692";"C.eugenioides_PRJNA630692"
"235";3840975;49;2988969;77,82;49,43;361095;361092;355127;5039;229;700;0,82;0,03;1,81;0,02;1,6;707133;18,41;3832;0,1;0;0;139670;3,64;1371;0,04;"SRR11711809";"C.eugenioides";"42_30_C";"Icatu";"PRJNA630692";"C.eugenioides_PRJNA630692"
"236";3845466;49;2994016;77,86;49,43;363345;363341;357087;5305;268;685;0,81;0,03;1,82;0,02;1,59;707025;18,39;3690;0,1;0;0;139185;3,62;1550;0,04;"SRR11711810";"C.eugenioides";"42_30_C";"Icatu";"PRJNA630692";"C.eugenioides_PRJNA630692"
"237";3854479;49;3000379;77,84;49,43;363947;363941;357864;5133;279;671;0,81;0,03;1,8;0,02;1,6;709361;18,4;3763;0,1;0;0;139622;3,62;1354;0,04;"SRR11711811";"C.eugenioides";"42_30_C";"Icatu";"PRJNA630692";"C.eugenioides_PRJNA630692"
"238";3870418;49;3013988;77,87;49,43;365788;365781;359538;5272;279;699;0,8;0,03;1,81;0,02;1,6;712911;18,42;3879;0,1;0;0;138222;3,57;1418;0,04;"SRR11711812";"C.eugenioides";"42_30_C";"Icatu";"PRJNA630692";"C.eugenioides_PRJNA630692"
"239";853171;49;667108;78,19;49,42;79899;79899;78673;1035;56;135;0,83;0,03;1,8;0,02;1,59;153347;17,97;879;0,1;0;0;31537;3,7;300;0,04;"SRR11711813";"C.eugenioides";"42_30_C";"Icatu";"PRJNA630692";"C.eugenioides_PRJNA630692"
"240";3872558;49;3028102;78,19;49,43;363934;363925;357833;5167;288;646;0,8;0,03;1,82;0,02;1,6;700196;18,08;3895;0,1;0;0;138960;3,59;1405;0,04;"SRR11711814";"C.eugenioides";"42_30_C";"Icatu";"PRJNA630692";"C.eugenioides_PRJNA630692"
"241";3862011;49;3043593;78,81;49,46;388262;388259;380830;5653;342;1437;0,79;0,03;1,8;0,02;1,58;693843;17,97;2062;0,05;0;0;121343;3,14;1170;0,03;"SRR11711815";"C.eugenioides";"25_20_C";"Icatu";"PRJNA630692";"C.eugenioides_PRJNA630692"
"242";3851927;49;3013842;78,24;49,42;362258;362251;356180;5176;277;625;0,81;0,03;1,79;0,02;1,6;694153;18,02;3966;0,1;0;0;138596;3,6;1370;0,04;"SRR11711816";"C.eugenioides";"42_30_C";"Icatu";"PRJNA630692";"C.eugenioides_PRJNA630692"
"243";3881882;49;3037694;78,25;49,43;365302;365299;359327;5058;279;638;0,8;0,03;1,8;0,02;1,6;700257;18,04;3896;0,1;0;0;138635;3,57;1400;0,04;"SRR11711817";"C.eugenioides";"42_30_C";"Icatu";"PRJNA630692";"C.eugenioides_PRJNA630692"
"244";3855832;49;3016212;78,22;49,42;362227;362226;356428;4906;223;670;0,81;0,03;1,81;0,02;1,6;694527;18,01;3889;0,1;0;0;139766;3,62;1438;0,04;"SRR11711818";"C.eugenioides";"42_30_C";"Icatu";"PRJNA630692";"C.eugenioides_PRJNA630692"
"245";3850192;49;3010980;78,2;49,42;361358;361353;355376;5114;249;619;0,82;0,03;1,8;0,02;1,61;693946;18,02;3896;0,1;0;0;139979;3,64;1391;0,04;"SRR11711819";"C.eugenioides";"42_30_C";"Icatu";"PRJNA630692";"C.eugenioides_PRJNA630692"
"246";3878338;49;3033655;78,22;49,42;364025;364017;358058;5021;246;700;0,81;0,03;1,81;0,02;1,61;699690;18,04;4078;0,11;0;0;139461;3,6;1454;0,04;"SRR11711820";"C.eugenioides";"42_30_C";"Icatu";"PRJNA630692";"C.eugenioides_PRJNA630692"
"247";3840423;49;3000127;78,12;49,42;359730;359728;353667;5121;268;674;0,82;0,03;1,81;0,02;1,6;694520;18,08;3952;0,1;0;0;140373;3,66;1451;0,04;"SRR11711821";"C.eugenioides";"42_30_C";"Icatu";"PRJNA630692";"C.eugenioides_PRJNA630692"
"248";3850239;49;3010086;78,18;49,42;361747;361741;355753;5103;214;677;0,82;0,03;1,81;0,02;1,6;695621;18,07;3841;0,1;0;0;139297;3,62;1394;0,04;"SRR11711822";"C.eugenioides";"42_30_C";"Icatu";"PRJNA630692";"C.eugenioides_PRJNA630692"
"249";3886716;49;3042391;78,28;49,43;366098;366096;359915;5312;255;616;0,8;0,03;1,8;0,02;1,6;700280;18,02;3889;0,1;0;0;138692;3,57;1464;0,04;"SRR11711823";"C.eugenioides";"42_30_C";"Icatu";"PRJNA630692";"C.eugenioides_PRJNA630692"
"250";3218118;49;2415713;75,07;49,37;268302;268299;263472;4079;199;552;0,84;0,03;1,81;0,03;1,6;672603;20,9;2318;0,07;0;0;126466;3,93;1018;0,03;"SRR11711824";"C.eugenioides";"42_30_C";"Icatu";"PRJNA630692";"C.eugenioides_PRJNA630692"
"251";3871042;49;2907890;75,12;49,38;323512;323507;317640;4991;232;649;0,83;0,03;1,81;0,03;1,6;808172;20,88;2900;0,07;0;0;150872;3,9;1208;0,03;"SRR11711825";"C.eugenioides";"42_30_C";"Icatu";"PRJNA630692";"C.eugenioides_PRJNA630692"
"252";3858881;49;3039615;78,77;49,45;388417;388412;380975;5674;349;1419;0,79;0,03;1,8;0,03;1,58;694255;17,99;1962;0,05;0;0;121841;3,16;1208;0,03;"SRR11711826";"C.eugenioides";"25_20_C";"Icatu";"PRJNA630692";"C.eugenioides_PRJNA630692"
"253";3882411;49;2917137;75,14;49,38;324148;324144;318397;4881;229;641;0,82;0,03;1,82;0,03;1,6;809912;20,86;2774;0,07;0;0;151377;3,9;1211;0,03;"SRR11711827";"C.eugenioides";"42_30_C";"Icatu";"PRJNA630692";"C.eugenioides_PRJNA630692"
"254";3850418;49;2890526;75,07;49,37;320740;320735;314906;4966;236;632;0,84;0,03;1,82;0,03;1,6;803816;20,88;2913;0,08;0;0;151912;3,95;1251;0,03;"SRR11711828";"C.eugenioides";"42_30_C";"Icatu";"PRJNA630692";"C.eugenioides_PRJNA630692"
"255";3863746;49;2901381;75,09;49,38;321672;321667;316446;4323;254;649;0,83;0,03;1,81;0,03;1,6;806446;20,87;2845;0,07;0;0;151840;3,93;1234;0,03;"SRR11711833";"C.eugenioides";"42_30_C";"Icatu";"PRJNA630692";"C.eugenioides_PRJNA630692"
"256";3880459;49;2913401;75,08;49,38;322922;322921;317033;5020;223;646;0,83;0,03;1,82;0,03;1,62;810866;20,9;2805;0,07;0;0;152189;3,92;1198;0,03;"SRR11711844";"C.eugenioides";"42_30_C";"Icatu";"PRJNA630692";"C.eugenioides_PRJNA630692"
"257";3839996;49;2882772;75,07;49,37;320579;320575;314841;4860;212;666;0,85;0,03;1,82;0,03;1,61;800696;20,85;2661;0,07;0;0;152668;3,98;1199;0,03;"SRR11711855";"C.eugenioides";"42_30_C";"Icatu";"PRJNA630692";"C.eugenioides_PRJNA630692"
"258";3856893;49;2896783;75,11;49,37;322698;322693;316793;4941;265;699;0,84;0,03;1,81;0,03;1,6;802990;20,82;2752;0,07;0;0;153097;3,97;1271;0,03;"SRR11711866";"C.eugenioides";"42_30_C";"Icatu";"PRJNA630692";"C.eugenioides_PRJNA630692"
"259";3885149;49;2920083;75,16;49,38;323970;323964;318066;4964;272;668;0,83;0,03;1,81;0,03;1,6;809785;20,84;2777;0,07;0;0;151308;3,89;1196;0,03;"SRR11711877";"C.eugenioides";"42_30_C";"Icatu";"PRJNA630692";"C.eugenioides_PRJNA630692"
"260";3625754;49;1549536;42,74;49,5;187900;187895;184414;2645;197;644;0,73;0,02;1,82;0,02;1,59;2009272;55,42;2532;0,07;0;0;63757;1,76;657;0,02;"SRR11711888";"C.eugenioides";"25_20_C";"Icatu";"PRJNA630692";"C.eugenioides_PRJNA630692"
"261";3828244;50;1635480;42,72;49,5;197736;197736;194032;2803;190;711;0,73;0,02;1,8;0,02;1,57;2123935;55,48;1028;0,03;0;0;67078;1,75;723;0,02;"SRR11711899";"C.eugenioides";"25_20_C";"Icatu";"PRJNA630692";"C.eugenioides_PRJNA630692"
"262";2311932;50;1771341;76,62;49,41;213054;213047;208878;3482;149;545;0,83;0,03;1,85;0,02;1,57;449290;19,43;1346;0,06;0;0;89241;3,86;714;0,03;"SRR11711907";"C.eugenioides";"37_28_C";"Icatu";"PRJNA630692";"C.eugenioides_PRJNA630692"
"263";3896818;50;2984484;76,59;49,42;359665;359662;352509;5952;294;910;0,81;0,03;1,86;0,02;1,59;761545;19,54;2369;0,06;0;0;147110;3,78;1310;0,03;"SRR11711908";"C.eugenioides";"37_28_C";"Icatu";"PRJNA630692";"C.eugenioides_PRJNA630692"
"264";3896511;50;2983992;76,58;49,42;359750;359741;352553;5955;303;939;0,81;0,03;1,85;0,02;1,58;761269;19,54;2441;0,06;0;0;147648;3,79;1161;0,03;"SRR11711909";"C.eugenioides";"37_28_C";"Icatu";"PRJNA630692";"C.eugenioides_PRJNA630692"
"265";3828635;50;1637582;42,77;49,51;197462;197460;193687;2859;200;716;0,73;0,02;1,8;0,02;1,57;2122010;55,42;1131;0,03;0;0;67349;1,76;563;0,01;"SRR11711910";"C.eugenioides";"25_20_C";"Icatu";"PRJNA630692";"C.eugenioides_PRJNA630692"
"266";3858297;49;3040010;78,79;49,45;388815;388810;381386;5631;329;1469;0,79;0,03;1,8;0,02;1,58;693465;17,97;2042;0,05;0;0;121824;3,16;956;0,02;"SRR11711911";"C.eugenioides";"25_20_C";"Icatu";"PRJNA630692";"C.eugenioides_PRJNA630692"
"267";3888240;50;2974715;76,51;49,42;358558;358553;351604;5853;240;861;0,82;0,03;1,85;0,02;1,59;761896;19,59;2341;0,06;0;0;148158;3,81;1130;0,03;"SRR11711912";"C.eugenioides";"37_28_C";"Icatu";"PRJNA630692";"C.eugenioides_PRJNA630692"
"268";3879078;50;2970124;76,57;49,41;357048;357044;350059;5881;261;847;0,83;0,03;1,86;0,02;1,58;756088;19,49;2435;0,06;0;0;149150;3,84;1281;0,03;"SRR11711913";"C.eugenioides";"37_28_C";"Icatu";"PRJNA630692";"C.eugenioides_PRJNA630692"
"269";3894414;49;2987406;76,71;49,41;360081;360076;352938;5969;296;878;0,82;0,03;1,83;0,02;1,58;760430;19,53;2296;0,06;0;0;143250;3,68;1032;0,03;"SRR11711914";"C.eugenioides";"37_28_C";"Icatu";"PRJNA630692";"C.eugenioides_PRJNA630692"
"270";3901117;50;2987633;76,58;49,42;359907;359902;352958;5784;239;926;0,81;0,03;1,86;0,02;1,58;761289;19,51;2304;0,06;0;0;148441;3,81;1450;0,04;"SRR11711915";"C.eugenioides";"37_28_C";"Icatu";"PRJNA630692";"C.eugenioides_PRJNA630692"
"271";3861403;49;2685694;69,55;49,47;346264;346257;339797;4978;291;1198;0,77;0,02;1,8;0,02;1,58;1070849;27,73;1788;0,05;0;0;102194;2,65;878;0,02;"SRR11711916";"C.eugenioides";"25_20_C";"Icatu";"PRJNA630692";"C.eugenioides_PRJNA630692"
"272";3862891;49;2689107;69,61;49,47;347119;347116;340846;4841;327;1105;0,77;0,02;1,8;0,02;1,57;1068162;27,65;2137;0,06;0;0;102424;2,65;1061;0,03;"SRR11711927";"C.eugenioides";"25_20_C";"Icatu";"PRJNA630692";"C.eugenioides_PRJNA630692"
"273";3863050;49;2684685;69,5;49,47;346778;346774;340634;4742;307;1095;0,78;0,02;1,79;0,02;1,57;1072544;27,76;1861;0,05;0;0;103076;2,67;884;0,02;"SRR11711938";"C.eugenioides";"25_20_C";"Icatu";"PRJNA630692";"C.eugenioides_PRJNA630692"
"274";3863595;49;2686348;69,53;49,47;347068;347061;340713;4935;288;1132;0,78;0,02;1,79;0,02;1,57;1071597;27,74;1899;0,05;0;0;102760;2,66;991;0,03;"SRR11711949";"C.eugenioides";"25_20_C";"Icatu";"PRJNA630692";"C.eugenioides_PRJNA630692"
"275";3863806;49;3044363;78,79;49,45;389340;389335;381967;5546;318;1509;0,79;0,03;1,8;0,02;1,57;694250;17,97;1916;0,05;0;0;122070;3,16;1207;0,03;"SRR11711950";"C.eugenioides";"25_20_C";"Icatu";"PRJNA630692";"C.eugenioides_PRJNA630692"
"276";3872279;49;3052563;78,83;49,45;390478;390472;383306;5360;342;1470;0,79;0,03;1,81;0,02;1,57;695155;17,95;1990;0,05;0;0;121653;3,14;918;0,02;"SRR11711951";"C.eugenioides";"25_20_C";"Icatu";"PRJNA630692";"C.eugenioides_PRJNA630692"
